Accuracy,F1,MCC,Precision,Recall,Threshold
0.8498498498498499,0.8387096774193549,0.7087690251349869,0.9154929577464789,0.7738095238095238,0.75
