Accuracy,F1,MCC,Precision,Recall,Threshold
0.8996960486322189,0.8341708542713567,0.7704044758222145,0.9222222222222223,0.7614678899082569,0.53
